seed,endpoint,real_absolute,control_absolute,delta_REAL_minus_CONTROL,runner_delta,absolute_discrepancy
167174636,Primary,0.33641808400372986,0.3322321806403172,0.00418590336341268,0.004185903363412706,2.6020852139652106e-17
167174636,Secondary,0.4777071999748022,0.47726210849198236,0.00044509148281984823,0.0004450914828198383,9.920449878242366e-18
167174636,LocalNLL,3.4517377052835205,3.552935718739949,-0.10119801345642854,-0.10119801345642826,2.7755575615628914e-16
167174636,Complement,0.24447659895566468,0.23718053195240765,0.007296067003257023,0.0072960670032570195,3.469446951953614e-18
1852328752,Primary,0.3591339632491026,0.3555304453690178,0.0036035178800847834,0.0036035178800847903,6.938893903907228e-18
1852328752,Secondary,0.47685785507801765,0.4526740244056949,0.02418383067232277,0.024183830672322753,1.734723475976807e-17
1852328752,LocalNLL,3.6939734121827126,3.6173767892664377,0.07659662291627489,0.07659662291627527,3.7470027081099033e-16
1852328752,Complement,0.2607138559710344,0.25926456150656824,0.0014492944644661776,0.001449294464466265,8.738669510233166e-17
1231418446,Primary,0.3450705528336182,0.3565113958339415,-0.011440843000323275,-0.011440843000323235,3.9898639947466563e-17
1231418446,Secondary,0.45718983243428,0.468338943791408,-0.011149111357127983,-0.011149111357127959,2.42861286636753e-17
1231418446,LocalNLL,3.4324211160530536,3.5536750246756057,-0.12125390862255214,-0.12125390862255198,1.6653345369377348e-16
1231418446,Complement,0.25395451013050524,0.2621544733629795,-0.008199963232474239,-0.008199963232474341,1.0234868508263162e-16
1461753708,Primary,0.3544053660059759,0.34990430931649563,0.004501056689480254,0.004501056689480251,2.6020852139652106e-18
1461753708,Secondary,0.45396621044197605,0.47416533427856083,-0.020199123836584787,-0.020199123836584714,7.28583859910259e-17
1461753708,LocalNLL,3.559533816667589,3.719047732406376,-0.15951391573878704,-0.1595139157387874,3.608224830031759e-16
1461753708,Complement,0.2598133801594081,0.2504717992321684,0.00934158092723969,0.009341580927239695,5.204170427930421e-18
