dataset,learner,realization,seed,local_count,dp_true_mean,dp_true_median,dp_true_q10,dp_true_q25,dp_true_q75,dp_true_q90,dp_true_min,dp_true_max,dp_true_positive,dp_true_negative,dp_true_zero,dp_shared_mean,dp_shared_median,dp_shared_q10,dp_shared_q25,dp_shared_q75,dp_shared_q90,dp_shared_min,dp_shared_max,dp_shared_positive,dp_shared_negative,dp_shared_zero,dp_other_mean,dp_other_median,dp_other_q10,dp_other_q25,dp_other_q75,dp_other_q90,dp_other_min,dp_other_max,dp_other_positive,dp_other_negative,dp_other_zero,dNLL_mean,dNLL_median,dNLL_q10,dNLL_q25,dNLL_q75,dNLL_q90,dNLL_min,dNLL_max,dNLL_positive,dNLL_negative,dNLL_zero,conservation_exact_zero,conservation_max_abs,conservation_mean_abs,conservation_tolerance,conservation_violations,top1_label_unchanged,formal_endpoint_max_discrepancy,top1_TRUE_to_TRUE,top1_TRUE_to_SHARED_WRONG,top1_TRUE_to_OTHER_WRONG,top1_SHARED_WRONG_to_TRUE,top1_SHARED_WRONG_to_SHARED_WRONG,top1_SHARED_WRONG_to_OTHER_WRONG,top1_OTHER_WRONG_to_TRUE,top1_OTHER_WRONG_to_SHARED_WRONG,top1_OTHER_WRONG_to_OTHER_WRONG,net_true_donor_fraction,OUTPUT_REDISTRIBUTION_PATTERN,shared_increase_true_decrease_count,shared_increase_true_increase_count,shared_increase_other_decrease_count,nll_mean_probability_component,nll_jensen_gap_difference,nll_jensen_residual,LOCAL_NLL_CONTRIBUTION
CLINC150,RoBERTa,R1,167174636,129,-0.002149526924875873,-0.0001238303058022686,-0.05393348818789249,-0.005306529167936486,0.0034792592552157324,0.10577101078198388,-0.7390637519406328,0.34870885710628097,59,70,0,0.015547896362541749,-0.0022509962909631476,-0.1309936243885361,-0.028392960423544496,0.022647611408143403,0.2409015491992844,-0.5943542415880223,0.7724071144851474,53,76,0,-0.013398369437665904,0.0019118807419441428,-0.17247748540896482,-0.029831478015790225,0.02253012499051668,0.10846254142054747,-0.5342560392540403,0.47169589933052714,68,61,0,0.07214143011829056,0.029370474866082574,-0.797243698978095,-0.2557057969402825,0.3539582214896333,0.9209818557866809,-4.055972457711816,3.923464179866684,70,59,0,5,8.881784197001252e-16,2.2083433273248935e-16,1e-12,0,108,0.0,26,4,0,2,66,6,1,6,18,0.1382519457779861,OTHER_WRONG_TO_SHARED_WRONG,41,12,45,0.011856357033331825,0.060285073084958896,-1.5265566588595902e-16,MIXED
CLINC150,RoBERTa,R1,1852328752,129,-0.018824293826276282,-2.654532516512719e-05,-0.09599144898183352,-0.006436251961231317,0.00293007456359052,0.04640021780455864,-0.5575748609389262,0.38510043250827286,60,69,0,0.05174481376411172,0.003993355798282812,-0.06650831547018977,-0.010697257805575289,0.04697684932611801,0.2932527726742876,-0.3011084477772022,0.5814802262972749,74,55,0,-0.03292051993783539,-0.0037995098946576322,-0.19202027665550433,-0.044893753464748554,0.014143901885397853,0.0653950856854929,-0.560127874952253,0.30568256720005094,55,74,0,0.18581920354224413,0.007990884671023935,-0.7258347036352019,-0.2531099067157845,0.6133315111312472,1.1369813899509318,-2.2739289777765173,3.8106133068560446,69,60,0,0,7.216449660063518e-16,2.3413892218244714e-16,1e-12,0,109,0.0,16,7,0,0,70,2,1,5,28,0.36379092815156927,MIXED,47,27,63,0.13951240991606148,0.04630679362618251,1.3877787807814457e-16,MIXED
CLINC150,RoBERTa,R1,1231418446,129,-0.0022860489463262684,-6.329738345278594e-08,-0.07275140408518749,-0.007829908998309768,0.008987610324696747,0.07154398908754231,-0.5564581969650186,0.5418183553076483,64,65,0,0.005900779532939028,-0.00183835130968657,-0.1040637585124874,-0.032573111820587954,0.014409922921850615,0.15702603889702083,-0.8089269747786018,0.6537209286739203,56,73,0,-0.0036147305866127567,3.089601053107849e-06,-0.1564220405645074,-0.02986520980347579,0.02533866811846819,0.10811078430600098,-0.6438440379136707,0.7879732503147028,65,64,0,0.13540483592522,0.00016814046606850042,-0.9480384984047749,-0.3009543630094038,0.5262733974893781,1.4354602513336236,-2.6589712615959793,4.0828921477647135,65,64,0,2,8.673617379884035e-16,2.42952897517994e-16,1e-12,0,107,0.0,17,3,2,3,71,7,3,2,21,0.387414736233612,MIXED,39,17,45,0.016658037758632338,0.11874679816658773,-5.551115123125783e-17,MIXED
CLINC150,RoBERTa,R1,1461753708,129,-0.00622797987650424,-0.00033222373416994455,-0.05507466463588987,-0.006547023015016922,0.003909813742997769,0.05534899461260329,-0.6750642383281635,0.46187558326489575,56,73,0,0.040983212537877074,0.00038669442731407815,-0.09257857591205386,-0.016322277724048147,0.02866640400726428,0.23642489381071657,-0.39641814568918343,0.8138738861966898,65,64,0,-0.03475523266137282,-0.00018664836199766555,-0.21495046472144239,-0.025221778017158136,0.015424002489610712,0.08805149996942778,-0.8045020945626783,0.45634989658641983,63,66,0,0.15593971221837252,0.0739456283253741,-0.9359615515502252,-0.24104455904148114,0.5055589256657518,1.3848059237124961,-2.7603798074302497,3.1633989407054566,73,56,0,2,8.979362392524948e-16,2.2453070572054456e-16,1e-12,0,99,0.0,17,4,4,4,65,3,4,7,21,0.1519641699817525,OTHER_WRONG_TO_SHARED_WRONG,49,16,54,0.0427991296261703,0.11314058259220294,-7.216449660063518e-16,MIXED
CLINC150,RoBERTa,R2,167174636,129,0.016293990930227757,-0.00012244244391296905,-0.09193205399611248,-0.003805190709228699,0.0072331279006010345,0.14627307478533347,-0.5702538779631382,0.7256016662685038,59,70,0,-0.01359827754637618,-0.0014959877497423557,-0.18640891319786304,-0.04315213592707756,0.021168538203913845,0.14469929697195155,-0.6402284112822748,0.5485636072063821,58,71,0,-0.002695713383851577,0.000433228733181773,-0.14652017331608205,-0.03802316617293511,0.03274440851338345,0.1300014343265729,-0.6696750380562482,0.6161918792175163,65,64,0,0.0321862917170112,0.06335815425554525,-1.1197531522105497,-0.442906688613105,0.4133990957950968,1.0524737335064875,-2.3468215132282952,4.585188832000956,70,59,0,3,8.239936510889834e-16,2.266209466530806e-16,1e-12,0,104,0.0,23,3,1,5,66,6,1,7,17,0.0,MIXED,42,16,48,-0.0947605292676881,0.12694682098469912,1.942890293094024e-16,MIXED
CLINC150,RoBERTa,R2,1852328752,129,-0.00525861538674994,-0.00022442989762014114,-0.08687771882365605,-0.008821771503454312,0.0017551514549264003,0.04362016180873685,-0.28581030977466715,0.4427803273862038,55,74,0,0.029915774150422535,0.0037271158285205885,-0.03851366087308747,-0.006658866000062713,0.0650303486429279,0.1559287589421614,-0.3555641599487764,0.556171548507767,81,48,0,-0.02465715876367259,-0.003568759012913189,-0.1285044557996902,-0.046369337571435104,0.008676578102089855,0.0617056918057444,-0.5446610157543388,0.31413650379361535,51,78,0,0.16474468931246075,0.09497591417913011,-0.6994151373846402,-0.27597118783500285,0.5074614023886914,1.0887258603362289,-2.1984851192953885,3.426650977144882,74,55,0,1,9.315465065995454e-16,2.6311065325822064e-16,1e-12,0,114,0.0,17,3,0,0,76,3,0,3,27,0.17578068882017106,OTHER_WRONG_TO_SHARED_WRONG,58,23,68,0.0409718098918521,0.1237728794206081,5.551115123125783e-16,MIXED
CLINC150,RoBERTa,R2,1231418446,129,-0.010081037890135078,-0.0004756329115082722,-0.10671261075147885,-0.008675895243400476,0.002547899563249004,0.03841686350720862,-0.5880560778095836,0.45195344840471524,56,73,0,0.029728360123852954,0.0028285664282322216,-0.09552819956514799,-0.018660267843622402,0.04452969155302844,0.23891573090751014,-0.37392322990610044,0.7637851458559372,73,56,0,-0.01964732223371788,0.00021077100198365478,-0.17630994793054067,-0.03955656336245837,0.0218765395761015,0.107853852657731,-0.45347972500562533,0.3587815823326028,65,64,0,0.236090468151645,0.03469919948324929,-0.6534902787204909,-0.2520638470117067,0.7004245001376612,1.2344072315090946,-1.5681140082591671,4.531169887480934,73,56,0,4,8.500145032286355e-16,2.2598975608599793e-16,1e-12,0,110,0.0,22,2,1,0,67,4,1,7,25,0.33910507838763765,MIXED,51,22,57,0.07145890065553233,0.16463156749611296,-2.7755575615628914e-16,MIXED
CLINC150,RoBERTa,R2,1461753708,129,0.004404009882795346,-8.555908310658284e-05,-0.049308794978927074,-0.007248686283109515,0.0034631632186961766,0.07400572752068485,-0.6470010727854183,0.5046140731000035,58,71,0,0.019227132389363806,0.0014578544870810228,-0.15210513592195146,-0.009025516716705817,0.052998720717538375,0.27800221636047995,-0.6859087227827076,0.553478822572101,71,58,0,-0.023631142272159143,-0.0013639974421799372,-0.19794981955981777,-0.04492803481169694,0.01654327995610877,0.05807106503056386,-0.5530090816127349,0.671475917022933,58,71,0,0.05168413667883007,0.026752254108340784,-1.1274864986275535,-0.48419035769238405,0.5465925440181181,1.1879270674052884,-3.3314841899427026,5.529502344999994,71,58,0,3,7.147060721024445e-16,2.0421158035464571e-16,1e-12,0,103,0.0,16,5,0,5,69,5,4,2,23,0.0,OTHER_WRONG_TO_SHARED_WRONG,55,16,60,-0.031409830016814286,0.0830939666956434,9.575673587391975e-16,MIXED
CLINC150,XLNet,R1,167174636,129,-0.0037929237018458867,0.0002581155688020625,-0.1491080233191187,-0.014541391427269477,0.010534027356339626,0.17097120196234727,-0.47724365471398666,0.6307527400674767,70,59,0,0.032994057522182936,0.004803041781793582,-0.10739816677172925,-0.0197840565066025,0.07805851125096841,0.2351730261388455,-0.591759852132145,0.5921192724211066,75,54,0,-0.029201133820336986,-0.0037385991263316834,-0.25908394173630084,-0.06291273797127944,0.03042148285128149,0.09665851744124289,-0.4712067946261084,0.5648643782843383,62,67,0,-0.05865171861546587,-0.03574243556877654,-1.2869870496829718,-0.5818194845983595,0.5507022130601174,0.9119933771509459,-2.676275769729746,4.396157451669849,59,70,0,4,9.614704865601453e-16,2.27131110000909e-16,1e-12,0,98,0.0,23,6,0,5,68,3,6,7,11,0.11495778290668836,OTHER_WRONG_TO_SHARED_WRONG,44,31,55,0.020445903269914145,-0.07909762188538028,2.636779683484747e-16,MIXED
CLINC150,XLNet,R1,1852328752,129,-0.008810621596963551,-0.0003782981146876034,-0.17481689197271966,-0.018710718514532244,0.010140510881031406,0.10442825559504304,-0.5047260337306505,0.779130963474185,58,71,0,0.03287863500794451,0.005293941201521601,-0.1535458801899008,-0.01710918881494916,0.0904896724482126,0.23669369379692765,-0.5957605107865027,0.5609168442214603,73,56,0,-0.024068013410980964,-0.006699525499258854,-0.24246049815471188,-0.049110191624681165,0.04000747595362031,0.1269083834140646,-0.52624864014276,0.3733776032379632,55,74,0,0.13062637851542408,0.10283341894913534,-1.061248202026908,-0.4575986482472354,0.7585656113775983,1.2438241232453255,-3.104313933422282,5.862157996849559,71,58,0,3,7.979727989493313e-16,2.3216886800236496e-16,1e-12,0,103,0.0,23,9,1,3,64,3,2,4,20,0.2679740687177137,OTHER_WRONG_TO_SHARED_WRONG,53,20,59,0.04796967949941501,0.08265669901600847,5.967448757360216e-16,MIXED
CLINC150,XLNet,R1,1231418446,129,0.000608160285106745,0.0003513396106587189,-0.12679799017171325,-0.01734438593169344,0.022766556441747007,0.15607368611192338,-0.5055304292434336,0.6134134373817557,68,61,0,0.0218070325592153,0.00321610863472499,-0.1660319396248094,-0.05811614462409645,0.042579515730868794,0.22607324823427616,-0.5774038649533849,0.7089578476837073,70,59,0,-0.02241519284432209,-0.0035817498472304823,-0.2281554447197391,-0.05567510828005669,0.05383493663920366,0.14984636893255388,-0.6916134617520135,0.450076656702187,58,71,0,-0.04793870804912571,-0.022682962076960855,-1.2313017914461182,-0.8146042636369524,0.404351362776734,1.229559278855646,-2.471053911138968,2.99204460271178,61,68,0,1,8.534839501805891e-16,2.458768815165034e-16,1e-12,0,96,0.0,26,4,4,4,60,6,5,8,12,0.0,OTHER_WRONG_TO_SHARED_WRONG,45,25,57,-0.00313851221495635,-0.0448001958341695,1.3877787807814457e-16,MIXED
CLINC150,XLNet,R1,1461753708,129,0.009995602565612313,0.0002370710209501225,-0.05539915759270637,-0.01429226378618309,0.0322763835100186,0.14053698594174674,-0.6788821037404843,0.5090380305992699,70,59,0,0.028712228376244205,0.005491147527543571,-0.07355168462906626,-0.008988297055343031,0.06713030151915056,0.17396221647971377,-0.6337323653093792,0.7790832769843775,84,45,0,-0.03870783094185658,-0.0064349318155252355,-0.19609993566381215,-0.07491424259087898,0.012694323843123065,0.06205565022675413,-0.7585437340785015,0.49380838426102813,51,78,0,-0.12036183069195167,-0.07206436337668087,-1.496639889997373,-0.747934174818174,0.3914281464135536,1.153826933529717,-4.449090682050688,5.82788041404067,59,70,0,2,8.638922910364499e-16,2.3622496078098123e-16,1e-12,0,104,0.0,26,3,2,4,65,2,4,6,17,0.0,OTHER_WRONG_TO_SHARED_WRONG,50,34,66,-0.05499503113833658,-0.06536679955361446,-6.245004513516506e-16,MIXED
CLINC150,XLNet,R2,167174636,129,0.01705947909723993,0.0003418001846391158,-0.11449744315770362,-0.010361898944045576,0.02678665206956368,0.15580690139728814,-0.6224989043265771,0.8008178518204478,67,62,0,0.01967870565092759,-0.0001783722604434962,-0.17837155606491198,-0.05185082397460916,0.06335015916816115,0.27417816325905453,-0.8211282337736563,0.776746340057013,64,65,0,-0.03673818474816748,-0.00444975586869481,-0.30328308010929633,-0.06854788961769243,0.03000499452978443,0.15196151405691302,-0.5966378142949789,0.3429858535326084,63,66,0,-0.1300550834073421,-0.06019679792753241,-1.5789892289339111,-0.6190939440633532,0.545314565178149,1.1643673056813852,-5.667390878591162,4.3333705860240554,62,67,0,4,8.743006318923108e-16,2.3145615215564577e-16,1e-12,0,93,0.0,21,6,2,9,65,3,4,10,9,0.0,OTHER_WRONG_TO_SHARED_WRONG,44,20,52,-0.09750955790364525,-0.032545525503696826,-1.3877787807814457e-17,MIXED
CLINC150,XLNet,R2,1852328752,129,0.006694322201424681,0.00036805060109818726,-0.10344877101249139,-0.010402102414641078,0.013019092311756339,0.14760337362151812,-0.5069551205676067,0.6545949498912643,73,56,0,0.014153635150030949,0.0015219770753054362,-0.1505978971789826,-0.03180399725320755,0.04338237215387317,0.19456513909922768,-0.4673995425242193,0.5972759620885303,70,59,0,-0.020847957351455615,-0.005253515297663394,-0.18771471257438826,-0.06518331187456416,0.020438325287759754,0.13344393971343219,-0.6219962937815402,0.4439680911282352,57,72,0,0.012303683134835848,-0.082740295603481,-1.2441769653948784,-0.530959377201091,0.612361440689468,1.3308131014886324,-2.147906830939608,4.607565943348437,56,73,0,5,7.771561172376096e-16,2.024482810074561e-16,1e-12,0,105,0.0,22,4,1,3,68,4,3,5,19,0.0,OTHER_WRONG_TO_SHARED_WRONG,46,24,55,-0.03805058886515141,0.05035427199998699,2.706168622523819e-16,MIXED
CLINC150,XLNet,R2,1231418446,129,0.015104658281803874,-0.0002171324997062322,-0.10527347036180874,-0.009619747639409025,0.018020844034613563,0.12439414936087485,-0.7832779730714833,0.7744270306375323,62,67,0,-0.00967823020321302,0.0016070752075947325,-0.34440723420277125,-0.05828454118012405,0.04257047959882262,0.28208035169338724,-0.7038288133894277,0.6486147781186062,69,60,0,-0.005426428078590845,-0.0014311022702717113,-0.18301393638789398,-0.04193133686309153,0.04000834615561044,0.14800405414722045,-0.5417768744298501,0.7615849730272466,59,70,0,-0.089173860310684,0.012732488367218409,-1.8725110654298507,-0.4758761369180182,0.566207819803048,1.1064645386587888,-2.8362106034622916,2.51618157833373,67,62,0,3,8.109832250191573e-16,2.327319807586171e-16,1e-12,0,91,0.0,23,2,6,10,62,7,2,8,9,0.0,MIXED,48,21,54,-0.08102341703774553,-0.008150443272938235,-2.3592239273284576e-16,MIXED
CLINC150,XLNet,R2,1461753708,129,0.01746954226700741,-9.061258760944765e-05,-0.13186219588469897,-0.015431812544968724,0.020000262840532978,0.2028207007597547,-0.47801479484111364,0.747145906212095,60,69,0,0.003410797904998761,0.00137381576290688,-0.2116329920406743,-0.047616441223667615,0.09314209147640151,0.2261814288759212,-0.6001315120508968,0.5922447255912153,68,61,0,-0.020880340172006198,-0.004622829037493628,-0.20370504398462233,-0.10869993300649261,0.0437903817899295,0.14257020813420787,-0.5704579747136551,0.3968835511919845,60,69,0,-0.05229558874957852,0.027197340500703326,-1.7841480145437425,-0.5471206329153846,0.5601731810922078,1.311926258505883,-3.37692472149517,4.97757267448833,69,60,0,3,8.673617379884035e-16,2.196274224071489e-16,1e-12,0,100,0.0,25,6,1,5,65,5,4,3,15,0.0,OTHER_WRONG_TO_SHARED_WRONG,49,19,53,-0.09818731172664005,0.04589172297706168,-1.457167719820518e-16,MIXED
BANKING77,RoBERTa,R1,167174636,304,-0.026094765036677414,-0.0025655416153646067,-0.16996323514135536,-0.05422205626634666,0.005531828024627175,0.07521400854049842,-0.7563132320132977,0.48527527374139534,125,179,0,0.10936230326056305,0.054151252626869185,-0.1425407789043049,-0.01776096209947632,0.23476764637552913,0.44768409275864746,-0.8240618488977675,0.9045044739730028,199,105,0,-0.08326753822388563,-0.03244676569725733,-0.3626170964234077,-0.18123955053788784,0.009111485350240933,0.10545639395087224,-0.8694808893217126,0.82672495530386,102,202,0,0.3423578611589412,0.13508671124489524,-0.7320412828825384,-0.23213219208093921,0.765847037830132,1.7795120021782158,-2.8276653487077335,4.4011690877685,179,125,0,17,8.656270145124267e-16,2.081382854810988e-16,1e-12,0,222,5.551115123125783e-16,36,22,9,9,173,4,3,27,21,0.23860840763846092,OTHER_WRONG_TO_SHARED_WRONG,154,45,173,0.14463768793634704,0.19772017322259483,-6.938893903907228e-16,MIXED
BANKING77,RoBERTa,R1,1852328752,304,-0.046024289913551904,-0.00401864745558363,-0.2430466987606956,-0.06603525597584016,0.00308632913882538,0.06340610251460349,-0.8252918257988393,0.6043192404280975,117,187,0,0.12538283471123937,0.04451884015462437,-0.14660349471496045,-0.006787431504374214,0.2820948169115426,0.5054171431339504,-0.7846174210018536,0.9070930797098735,211,93,0,-0.07935854479768746,-0.025199379913512905,-0.3806547658102423,-0.20183142424371026,0.014578184902348693,0.13117951277664283,-0.8900000404760787,0.7930091699874267,108,196,0,0.4247862747576486,0.17840332559534938,-0.7880149582700964,-0.24238277743019965,0.9781816461270956,2.0029539647594565,-3.2885965665972465,4.5323001841182435,187,117,0,21,6.938893903907228e-16,1.9622918056542908e-16,1e-12,0,201,2.7755575615628914e-16,34,36,4,8,149,7,2,35,29,0.36707010189670136,MIXED,163,48,174,0.256931207712764,0.1678550670448844,1.6653345369377348e-16,BROAD
BANKING77,RoBERTa,R1,1231418446,304,-0.038553555396444464,-0.005794952449606483,-0.1863643010101833,-0.06237254122152208,0.003425407714767125,0.05957015473164456,-0.8595635167282795,0.5267290626696767,112,192,0,0.11204423550843898,0.04845351463481945,-0.12978990752332975,-0.007614936880476,0.23878177713726506,0.4266320336001408,-0.8085821818073547,0.9286862322037952,214,90,0,-0.07349068011199447,-0.02318723188482781,-0.35862442717665766,-0.1405071682348401,0.010485872202690347,0.12180119203382957,-0.9199136511254592,0.8199114673992131,101,203,0,0.3627907056860718,0.23316622047377378,-0.7802872789077603,-0.2178260252496318,0.8461530924290651,1.7656707517177979,-3.532699104913193,4.716894222026591,192,112,0,16,8.673617379884035e-16,2.1434605620948129e-16,1e-12,0,217,3.885780586188048e-16,41,30,5,6,162,7,1,31,21,0.3440922705348879,MIXED,171,43,176,0.21243218568841787,0.15035851999765426,-3.3306690738754696e-16,BROAD
BANKING77,RoBERTa,R1,1461753708,304,-0.04183264260627945,-0.005339511364102948,-0.1800598793793941,-0.05464427608485163,0.0015226619643595367,0.0652845516311179,-0.8466944973733008,0.44189815414923606,102,202,0,0.12298710954635093,0.054210206345276346,-0.10580463295886108,-0.009852094464669475,0.2590164896364302,0.477118044214615,-0.6949757733382274,0.9229908891747491,209,95,0,-0.08115446694007149,-0.029571182969710383,-0.35161591328216873,-0.18481928589215496,0.009686803923965752,0.10487930111772224,-0.9113785567884,0.6685811007947353,103,201,0,0.4068886960096929,0.21677528170034116,-0.6331378643782202,-0.19453722515395988,0.8949451964055286,1.8678235827953655,-3.3029234077863077,4.522943635242447,202,102,0,12,7.598088824778415e-16,1.981835976395148e-16,1e-12,0,211,8.326672684688674e-17,36,31,4,3,159,10,4,34,23,0.3401384320729459,MIXED,169,40,175,0.2335696138767246,0.1733190821329682,1.1102230246251565e-16,BROAD
BANKING77,RoBERTa,R2,167174636,304,-0.031246513897600248,-0.0033499986872750145,-0.19562031939358118,-0.06081893583956627,0.00432502483949294,0.08639648847110684,-0.6574599865809809,0.7175987214679964,114,190,0,0.10305919256520284,0.05875090072329579,-0.16808882045520107,-0.013748361207341436,0.2411840477750351,0.4225211449720637,-0.6943126988435588,0.9202828751163553,206,98,0,-0.0718126786676026,-0.023862456486917663,-0.3679067989303463,-0.17755172695462246,0.017409022554663027,0.14945603181326095,-0.9196591088443951,0.6218476613227628,109,195,0,0.28237815787776244,0.1851722771148772,-0.9982598829908198,-0.23484769826694674,0.8683248677198441,1.4802898876661863,-3.5433676183152736,4.32784529097696,190,114,0,16,1.0547118733938987e-15,2.0514745672502532e-16,1e-12,0,214,4.440892098500626e-16,38,28,9,7,165,5,3,29,20,0.3031899738379126,OTHER_WRONG_TO_SHARED_WRONG,160,46,177,0.17087645654989503,0.11150170132786785,-4.440892098500626e-16,BROAD
BANKING77,RoBERTa,R2,1852328752,304,-0.02864678787887849,-0.0021115192849236555,-0.19209287809678474,-0.055432881650433766,0.006105992359402712,0.07695235318776814,-0.783236720288318,0.43000265385493985,120,184,0,0.11006914125853597,0.042886346032748573,-0.139471818312391,-0.0149204988318625,0.25643461166755044,0.4622620296484198,-0.7917735768533825,0.9263400353742821,198,106,0,-0.08142235337965746,-0.021099136811716053,-0.3826387693863313,-0.17160493076356553,0.013661624355465366,0.10834701875463104,-0.9205289686538854,0.7651354035404047,112,192,0,0.2977611050010771,0.17500099127978086,-0.7495827697165678,-0.3059331276884313,0.9379636079564198,1.6818174934553918,-4.988178087305913,4.449169466736862,184,120,0,11,8.257283745649602e-16,2.226380629562865e-16,1e-12,0,204,4.440892098500626e-16,33,29,3,9,153,10,2,38,27,0.2602617550326069,OTHER_WRONG_TO_SHARED_WRONG,151,47,169,0.1674989157228974,0.13026218927818012,-4.163336342344337e-16,BROAD
BANKING77,RoBERTa,R2,1231418446,304,-0.0239369846051694,-0.004010698570952867,-0.18880175243208372,-0.0415705025719769,0.008760803626638487,0.056820581247125544,-0.6686888366951228,0.8396981699252917,123,181,0,0.11197706477645332,0.05152776507424575,-0.15135724470877795,-0.0065494174264720375,0.24983738286500817,0.46635570752083866,-0.8754691057464755,0.9293278166054759,213,91,0,-0.08804008017128391,-0.027252622448683823,-0.3808624788242478,-0.19423475239772087,0.008912747099179882,0.1209504642988402,-0.9252205643675032,0.5731683167403401,98,206,0,0.28401389458424614,0.11438541889844922,-0.9619309908373607,-0.24644906439118164,0.9604566169498221,1.7030233566694675,-4.268959050412541,4.9696300968029625,181,123,0,9,9.506284648352903e-16,2.1491240918642436e-16,1e-12,0,206,6.331740687315346e-17,35,31,6,11,157,5,2,35,22,0.21376685174733123,OTHER_WRONG_TO_SHARED_WRONG,152,61,186,0.13710656889121414,0.14690732569303178,2.220446049250313e-16,MIXED
BANKING77,RoBERTa,R2,1461753708,304,-0.034591546020495856,-0.001914126498758883,-0.20437123927599457,-0.04600652908797241,0.010411759890059913,0.07501977591630468,-0.765357263248853,0.4873694289482688,119,185,0,0.10411393123718193,0.0322192432276297,-0.13009835544521725,-0.01778349840559304,0.23291417615395457,0.45587980661294786,-0.6673215333427733,0.9274129091357893,192,112,0,-0.06952238521668608,-0.020763385074560152,-0.34425396904706324,-0.16941887084465207,0.018422996613160558,0.12990471949578103,-0.92139611281284,0.6676718097182192,113,191,0,0.2916889416199066,0.16130475582883813,-0.8740096199631229,-0.2576113980146448,0.8359543937264835,1.7195550056666977,-3.456194778044871,3.7162427029983074,185,119,0,18,9.141992718397773e-16,2.0336850921306555e-16,1e-12,0,215,3.885780586188048e-16,34,30,7,4,166,10,5,28,20,0.33224704522676085,OTHER_WRONG_TO_SHARED_WRONG,149,43,164,0.19684791603920807,0.09484102558069818,3.608224830031759e-16,BROAD
BANKING77,XLNet,R1,167174636,304,-0.018323728445730082,-0.0071490484790468906,-0.17259912236958147,-0.05055780829713676,0.010784522146484435,0.16974306745730067,-0.8208302180160582,0.5938768902521396,118,186,0,0.10689323246247621,0.04297912829175556,-0.1416950960799993,-0.022521280003676238,0.25164932535814144,0.47102222355319795,-0.7071226940198552,0.826119465386994,205,99,0,-0.08856950401674613,-0.04029697393616186,-0.37487537365303125,-0.18973324044272827,0.005258518704170488,0.08193958637599678,-0.7669694894825505,0.7369702416730605,88,216,0,0.32314115530228066,0.28044389043474527,-1.1739682500722493,-0.46005070592548236,1.0474730638721976,1.9656581135836881,-2.637627265237019,3.47703042190298,186,118,0,19,8.530502693115949e-16,2.116170052147908e-16,1e-12,0,207,2.7755575615628914e-16,24,30,9,9,164,10,6,27,25,0.17142084698544824,OTHER_WRONG_TO_SHARED_WRONG,160,45,183,0.10914606978113064,0.21399508552115032,-3.0531133177191805e-16,BROAD
BANKING77,XLNet,R1,1852328752,304,-0.023577516683569968,-0.003061767936353377,-0.19336935571369457,-0.058916052720671935,0.023145120378920435,0.13071269141140027,-0.8071912006458617,0.4794481217544121,128,176,0,0.10261746349278046,0.039051858589582045,-0.1670297328107391,-0.019622805439736827,0.24051762444652752,0.4501158088471574,-0.5200946501707524,0.9005004428596093,202,102,0,-0.0790399468092105,-0.028885303506570228,-0.35479504248401345,-0.17651955046761544,0.012207427492509698,0.12877678861270425,-0.8822890244581791,0.51884650825636,105,199,0,0.31074338043283384,0.22427095295044336,-0.9729496758562102,-0.37521370044974534,0.8927690581175466,1.9262626217935264,-2.8454932305174205,3.849993400138535,176,128,0,10,9.159339953157541e-16,2.151563546752336e-16,1e-12,0,213,2.7755575615628914e-16,39,26,7,11,160,10,6,24,21,0.2297612499964856,OTHER_WRONG_TO_SHARED_WRONG,150,52,173,0.12894831806953935,0.18179506236329468,-1.942890293094024e-16,MIXED
BANKING77,XLNet,R1,1231418446,304,-0.033527283846323606,-0.005610838803630808,-0.20430312701516906,-0.057714212381929295,0.005790570804498938,0.09502734378250738,-0.8660115318321384,0.5768650488717402,113,191,0,0.11922666799743331,0.0513251723078498,-0.09755082143233049,-0.014385887014476729,0.23974540869798425,0.47214667412113137,-0.4831256001045974,0.8493116612451287,203,101,0,-0.0856993841511097,-0.033909232284058635,-0.3263558534863566,-0.17694092176642254,0.007347403406799968,0.08491204945679533,-0.7978666742194447,0.4705788444478637,93,211,0,0.39479813910210343,0.24805680672234665,-0.7641422147063908,-0.19136457584229621,0.944953054879341,1.7295835489810967,-1.8896774492429689,4.233669237408579,191,113,0,17,8.673617379884035e-16,2.0762685590368295e-16,1e-12,0,219,8.326672684688674e-16,33,27,7,8,172,8,8,23,18,0.28120624697022795,OTHER_WRONG_TO_SHARED_WRONG,158,45,177,0.1879149339363075,0.20688320516579695,-1.0269562977782698e-15,BROAD
BANKING77,XLNet,R1,1461753708,304,-0.03211133069028674,-0.00341356421305607,-0.1765808616263829,-0.04547995427852004,0.005020387074979442,0.07949315632007052,-0.7647475571341494,0.4869831869238415,107,197,0,0.1165997256495492,0.05593100577968302,-0.1023699059642951,-0.01209323392428599,0.2328194132107756,0.47596542332174,-0.6672353362884841,0.8300821508675297,213,91,0,-0.08448839495926241,-0.033723332418642546,-0.4066979178827314,-0.14929652580638617,0.011765206711251305,0.10271711197218562,-0.7995833976485189,0.6602879345335222,102,202,0,0.3525521577872971,0.2486693482312341,-0.720814023304924,-0.20363057428497755,0.8904452073419805,1.5833201960999048,-2.7514736424488344,3.961902716823716,197,107,0,14,7.216449660063518e-16,1.9516851699274096e-16,1e-12,0,214,3.3306690738754696e-16,38,30,8,4,159,7,4,34,20,0.2753979952474348,OTHER_WRONG_TO_SHARED_WRONG,164,49,185,0.18281760444569845,0.16973455334159837,2.7755575615628914e-16,BROAD
BANKING77,XLNet,R2,167174636,304,-0.025135205442517784,-0.003905853417792777,-0.18351527794160083,-0.056456735141185946,0.014135419732138863,0.0984889578479055,-0.7747599656094457,0.5512092467597929,125,179,0,0.1142064877229885,0.056626727463231996,-0.12193336319627836,-0.0063083840384263005,0.2638779196803771,0.45497759540820276,-0.7007739580270018,0.828094699917274,213,91,0,-0.0890712822804707,-0.035608847684932034,-0.39240739649246,-0.18159418915488318,0.00470582668653018,0.06678843070646105,-0.8438676290484298,0.7041435394043115,92,212,0,0.37521685977289915,0.18353580873178543,-0.9218320931647589,-0.28374674358846663,1.0676485288642625,1.9338844663578636,-3.3447228094556447,4.578152075687864,179,125,0,16,9.992007221626409e-16,2.236545024929917e-16,1e-12,0,215,5.551115123125783e-17,30,29,6,6,165,9,3,27,29,0.22008561810852667,OTHER_WRONG_TO_SHARED_WRONG,156,57,190,0.14686284001372216,0.2283540197591769,8.326672684688674e-17,MIXED
BANKING77,XLNet,R2,1852328752,304,-0.01400772659631699,-0.0013540814969767053,-0.1705180713154288,-0.03673904746074065,0.02364784124927825,0.1295989677125866,-0.6105704219674493,0.5156664472566204,128,176,0,0.09037887372594401,0.028039586737807657,-0.17294650289483543,-0.03643136028631125,0.22648336365160324,0.44106281871017045,-0.5730399166512694,0.8843374520721631,187,117,0,-0.07637114712962702,-0.02862651850120206,-0.37664913286253815,-0.16905517297563827,0.014995447583994397,0.10967978119070772,-0.8707042766894875,0.6431217999216456,111,193,0,0.2360763554805067,0.09873294919797759,-0.9325635043497597,-0.35911359274827914,0.7899978492886212,1.5063124620810515,-2.7731279190933846,4.0600037784339875,176,128,0,15,8.881784197001252e-16,2.0137343455751163e-16,1e-12,0,213,2.7755575615628914e-16,38,20,5,13,161,10,5,29,23,0.15498894839951913,OTHER_WRONG_TO_SHARED_WRONG,142,45,161,0.07859735229635137,0.15747900318415553,-1.942890293094024e-16,MIXED
BANKING77,XLNet,R2,1231418446,304,-0.025549425821963668,-0.004979978644481879,-0.16524226102271286,-0.0542344176951492,0.006679926040594973,0.08449153145383499,-0.73583658287976,0.623919798509299,105,199,0,0.10643872284569549,0.06143445652842605,-0.14021727465902037,-0.012346800615570586,0.22182507925354628,0.4108205846360904,-0.5799090025671948,0.9079990128992912,210,94,0,-0.08088929702373182,-0.0320019313608935,-0.34708657036737345,-0.16276726741224434,0.008315267474472525,0.13827957021133647,-0.8828272840556236,0.6179296583679567,93,211,0,0.402669645697046,0.26584798318901615,-0.7508637549448656,-0.19846533538365702,0.9996020546796385,1.6890346960603027,-2.326904434938791,3.961823351116937,199,105,0,12,7.771561172376096e-16,2.0859978469530811e-16,1e-12,0,214,8.881784197001252e-16,33,18,6,11,167,10,5,37,17,0.24003882364318427,OTHER_WRONG_TO_SHARED_WRONG,168,42,183,0.14629619922105694,0.2563734464759899,-8.881784197001252e-16,BROAD
BANKING77,XLNet,R2,1461753708,304,-0.03125487060212489,-0.0053001793802930465,-0.18967758047764982,-0.0605335645534423,0.004227858522553394,0.0782134977130719,-0.7024086560658844,0.4343565376811526,106,198,0,0.12705867479945668,0.07270585175722577,-0.10202420335243684,-0.0076118236142729435,0.26385610105096324,0.4736175680169591,-0.6592472400396381,0.9187483881399112,214,90,0,-0.09580380419733175,-0.048090062813284366,-0.3837620837122269,-0.20108317474860554,0.004863993078579109,0.09196290715571565,-0.9076943257081871,0.4465873097576512,86,218,0,0.3909608450409201,0.25675887270310427,-0.6719447199262806,-0.19798602943683452,0.9385656718551365,1.7318050121921371,-2.7822249388362126,3.7696754791177196,198,106,0,9,7.988401606873197e-16,2.0810262093595126e-16,1e-12,0,222,8.326672684688674e-17,38,30,6,6,163,5,2,30,24,0.24598769546003912,OTHER_WRONG_TO_SHARED_WRONG,169,45,187,0.17835135884429812,0.2126094861966219,8.326672684688674e-17,BROAD
