dataset,learner,endpoint,R1_signs,R1_mean,R1_sample_sd,R1_median,R1_min,R1_max,R2_signs,R2_mean,R2_sample_sd,R2_median,R2_min,R2_max
CLINC150,RoBERTa,Primary,--++,0.0033172466013772074,0.0071428036728464935,0.001388468541251155,-0.0026849713456853375,0.013177020668691858,--++,-0.0016318159364921891,0.007680580976464118,-0.0013617596089002095,-0.009517116403873607,0.00571337187570527
CLINC150,RoBERTa,Secondary,++++,0.028544175549367393,0.02140580848454992,0.02826555445020941,0.005900779532939028,0.05174481376411172,-+++,0.01631824727931578,0.020560349654479726,0.024477746256608382,-0.01359827754637618,0.029915774150422535
CLINC150,RoBERTa,LocalNLL,++++,0.1373262954510318,0.048134464762975636,0.14567227407179628,0.07214143011829056,0.18581920354224413,++++,0.12117639646498675,0.09635326136409367,0.10821441299564541,0.0321862917170112,0.236090468151645
CLINC150,RoBERTa,Complement,---+,-0.0006377218959015483,0.007243088616261744,-0.0016331790721062077,-0.008248238003324986,0.008963708563931208,---+,-0.005256217537908521,0.008063111052547964,-0.005360734214499946,-0.014660052330985742,0.004356650608351549
CLINC150,XLNet,Primary,-++-,-0.002587745635269239,0.012631292655841175,0.0005150961634819719,-0.01951386497940364,0.008132690111362742,-+--,-0.017898030384361285,0.02260367588618779,-0.011187392101746138,-0.05052038890886884,0.001303051574915977
CLINC150,XLNet,Secondary,++++,0.029097988366396738,0.005252919545268461,0.03079543169209436,0.0218070325592153,0.032994057522182936,++-+,0.00689122712568607,0.012947618585155647,0.008782216527514855,-0.00967823020321302,0.01967870565092759
CLINC150,XLNet,LocalNLL,-+--,-0.02408146971027979,0.10796403126954132,-0.05329521333229579,-0.12036183069195167,0.13062637851542408,-+--,-0.0648052123331922,0.06042529581212126,-0.07073472453013126,-0.1300550834073421,0.012303683134835848
CLINC150,XLNet,Complement,-++-,-0.0019534078622936353,0.011101211995465696,-0.0005317851356390812,-0.016537569491662005,0.009787508313765627,-+--,-0.01651367292121803,0.02179148625951447,-0.009429989703379245,-0.0481731055434369,0.0009783932653232772
BANKING77,RoBERTa,Primary,++++,0.04139838317389846,0.00829472923588571,0.042273623164184815,0.030796444305610016,0.0502498420616142,++++,0.025277445501259155,0.0049904074146418205,0.02597282610088636,0.018901731181701797,0.030262398621562103
BANKING77,RoBERTa,Secondary,++++,0.11744412075664806,0.007920909853239622,0.11751567252739492,0.10936230326056307,0.12538283471123934,++++,0.1073048324593435,0.004384764025678425,0.10709153624785894,0.10305919256520274,0.11197706477645336
BANKING77,RoBERTa,LocalNLL,++++,0.3842058844030888,0.03817130227729358,0.38483970084788255,0.34235786115894173,0.4247862747576483,++++,0.2889605247707482,0.00713421742984976,0.28785141810207615,0.2823781578777629,0.29776110500107755
BANKING77,RoBERTa,Complement,--++,0.003857504076753712,0.007871238426979208,0.003779199682364509,-0.00332267339014386,0.01119429033242969,---+,-0.003598511306350624,0.00492833145917824,-0.0030380027183858904,-0.00995159508472565,0.001633555296094935
BANKING77,XLNet,Primary,++++,0.0337377628785461,0.006317744660081276,0.03586535205496133,0.024542042383142948,0.0386783050211188,++++,0.030159178675115667,0.005173549263708632,0.031053312820218837,0.023931703141609306,0.034598385918415686
BANKING77,XLNet,Secondary,++++,0.11133427240055983,0.007868089548745493,0.1117464790560127,0.10261746349278061,0.11922666799743331,++++,0.10952068977352121,0.0153345499111936,0.11032260528434198,0.09037887372594411,0.12705867479945676
BANKING77,XLNet,LocalNLL,++++,0.345308708156129,0.03736234119209093,0.33784665654478885,0.3107433804328341,0.39479813910210426,++++,0.35123092649784327,0.07758932160539493,0.3830888524069096,0.23607635548050698,0.4026696456970469
BANKING77,XLNet,Complement,-+-+,-0.0003823982757712868,0.005579227745244321,0.0009464596847451323,-0.008157572288117032,0.00473505981554162,-+--,-0.0050014161873155605,0.004498749226777188,-0.005271191001469389,-0.010163006669263841,0.0006997239229403762
