dataset,learner,comparator,seed,Primary,Secondary,LocalNLL,Complement
CLINC150,RoBERTa,R1,167174636,-0.00109918078828774,0.015547896362541749,0.07214143011829056,-0.003260708769744752
CLINC150,RoBERTa,R1,1852328752,-0.0026849713456853375,0.05174481376411172,0.18581920354224413,-0.008248238003324986
CLINC150,RoBERTa,R1,1231418446,0.0038761178707900495,0.005900779532939028,0.13540483592522,-5.649374467663434e-06
CLINC150,RoBERTa,R1,1461753708,0.013177020668691858,0.040983212537877074,0.15593971221837252,0.008963708563931208
CLINC150,RoBERTa,R2,167174636,-0.006870768780728793,-0.01359827754637618,0.0321862917170112,-0.00802344798553512
CLINC150,RoBERTa,R2,1852328752,-0.009517116403873607,0.029915774150422535,0.16474468931246075,-0.014660052330985742
CLINC150,RoBERTa,R2,1231418446,0.004147249562928374,0.029728360123852954,0.236090468151645,-0.0026980204434647716
CLINC150,RoBERTa,R2,1461753708,0.00571337187570527,0.019227132389363806,0.05168413667883007,0.004356650608351549
CLINC150,XLNet,R1,167174636,-0.0048687755552173475,0.032994057522182936,-0.05865171861546587,-0.0032814958355257278
CLINC150,XLNet,R1,1852328752,0.005898967882181291,0.03287863500794451,0.13062637851542408,0.0022179255642475653
CLINC150,XLNet,R1,1231418446,0.008132690111362742,0.0218070325592153,-0.04793870804912571,0.009787508313765627
CLINC150,XLNet,R1,1461753708,-0.01951386497940364,0.028712228376244205,-0.12036183069195167,-0.016537569491662005
CLINC150,XLNet,R2,167174636,-0.05052038890886884,0.01967870565092759,-0.1300550834073421,-0.0481731055434369
CLINC150,XLNet,R2,1852328752,0.001303051574915977,0.014153635150030949,0.012303683134835848,0.0009783932653232772
CLINC150,XLNet,R2,1231418446,-0.008972292298702396,-0.00967823020321302,-0.089173860310684,-0.006605327697113368
CLINC150,XLNet,R2,1461753708,-0.013402491904789881,0.003410797904998761,-0.05229558874957852,-0.012254651709645122
BANKING77,RoBERTa,R1,167174636,0.030796444305610016,0.10936230326056307,0.34235786115894173,-0.00332267339014386
BANKING77,RoBERTa,R2,167174636,0.018901731181701797,0.10305919256520274,0.2823781578777629,-0.00995159508472565
BANKING77,RoBERTa,R1,1852328752,0.03961598539720723,0.12538283471123934,0.4247862747576483,-0.0025640462906796335
BANKING77,RoBERTa,R2,1852328752,0.028003330895196576,0.11006914125853601,0.29776110500107755,-0.0015378662691361566
BANKING77,RoBERTa,R1,1231418446,0.0449312609311624,0.11204423550843895,0.3627907056860722,0.010122445655408652
BANKING77,RoBERTa,R2,1231418446,0.023942321306576142,0.11197706477645336,0.2840138945842461,-0.004538139167635624
BANKING77,RoBERTa,R1,1461753708,0.0502498420616142,0.12298710954635089,0.4068886960096929,0.01119429033242969
BANKING77,RoBERTa,R2,1461753708,0.030262398621562103,0.10411393123718188,0.2916889416199062,0.001633555296094935
BANKING77,XLNet,R1,167174636,0.024542042383142948,0.10689323246247617,0.32314115530228094,-0.008157572288117032
BANKING77,XLNet,R1,1852328752,0.03493847847387177,0.10261746349278061,0.3107433804328341,0.00473505981554162
BANKING77,XLNet,R1,1231418446,0.0386783050211188,0.11922666799743331,0.39479813910210426,-0.0003204087975480774
BANKING77,XLNet,R1,1461753708,0.03679222563605089,0.11659972564954924,0.35255215778729676,0.002213328167038342
BANKING77,XLNet,R2,167174636,0.027874486641910723,0.11420648772298847,0.3752168597728991,-0.010163006669263841
BANKING77,XLNet,R2,1852328752,0.023931703141609306,0.09037887372594411,0.23607635548050698,0.0006997239229403762
BANKING77,XLNet,R2,1231418446,0.03423213899852695,0.1064387228456955,0.4026696456970469,-0.006115484213414568
BANKING77,XLNet,R2,1461753708,0.034598385918415686,0.12705867479945676,0.3909608450409201,-0.004426897789524209
