endpoint,statistic,omitted_seed,n,value,unit,sign_pattern,analysis_role,source,exclusion_rule_changed
Secondary,mean_I,,4,-0.09011990211099735,probability,+-++,FROZEN_PRIMARY_TRANSCRIPTION,reports/research/submission_mlbd2026/mlbd2026_optimization_path_interaction_execution_v1_20260923T123416Z/INTERACTION_RESULTS_MASTER.csv,False
Secondary,median_I,,4,0.034567987552319795,probability,+-++,POST_HOC_DESCRIPTIVE,reports/research/submission_mlbd2026/mlbd2026_optimization_path_interaction_execution_v1_20260923T123416Z/INTERACTION_RESULTS_MASTER.csv,False
Secondary,min_I,,4,-0.4730504380535594,probability,+-++,POST_HOC_DESCRIPTIVE,reports/research/submission_mlbd2026/mlbd2026_optimization_path_interaction_execution_v1_20260923T123416Z/INTERACTION_RESULTS_MASTER.csv,False
Secondary,max_I,,4,0.043434854504930384,probability,+-++,POST_HOC_DESCRIPTIVE,reports/research/submission_mlbd2026/mlbd2026_optimization_path_interaction_execution_v1_20260923T123416Z/INTERACTION_RESULTS_MASTER.csv,False
Secondary,leave_one_seed_out_mean_I,167174636,3,-0.13233170674313663,probability,-++,POST_HOC_DESCRIPTIVE,reports/research/submission_mlbd2026/mlbd2026_optimization_path_interaction_execution_v1_20260923T123416Z/INTERACTION_RESULTS_MASTER.csv,False
Secondary,leave_one_seed_out_mean_I,1852328752,3,0.03752360986985666,probability,+++,POST_HOC_DESCRIPTIVE,reports/research/submission_mlbd2026/mlbd2026_optimization_path_interaction_execution_v1_20260923T123416Z/INTERACTION_RESULTS_MASTER.csv,False
Secondary,leave_one_seed_out_mean_I,1231418446,3,-0.13103335725440285,probability,+-+,POST_HOC_DESCRIPTIVE,reports/research/submission_mlbd2026/mlbd2026_optimization_path_interaction_execution_v1_20260923T123416Z/INTERACTION_RESULTS_MASTER.csv,False
Secondary,leave_one_seed_out_mean_I,1461753708,3,-0.1346381543163066,probability,+-+,POST_HOC_DESCRIPTIVE,reports/research/submission_mlbd2026/mlbd2026_optimization_path_interaction_execution_v1_20260923T123416Z/INTERACTION_RESULTS_MASTER.csv,False
LocalNLL,mean_I,,4,0.5241795102350437,nats,++++,FROZEN_PRIMARY_TRANSCRIPTION,reports/research/submission_mlbd2026/mlbd2026_optimization_path_interaction_execution_v1_20260923T123416Z/INTERACTION_RESULTS_MASTER.csv,False
LocalNLL,median_I,,4,0.21904393364431962,nats,++++,POST_HOC_DESCRIPTIVE,reports/research/submission_mlbd2026/mlbd2026_optimization_path_interaction_execution_v1_20260923T123416Z/INTERACTION_RESULTS_MASTER.csv,False
LocalNLL,min_I,,4,0.14150390707483207,nats,++++,POST_HOC_DESCRIPTIVE,reports/research/submission_mlbd2026/mlbd2026_optimization_path_interaction_execution_v1_20260923T123416Z/INTERACTION_RESULTS_MASTER.csv,False
LocalNLL,max_I,,4,1.5171262665767038,nats,++++,POST_HOC_DESCRIPTIVE,reports/research/submission_mlbd2026/mlbd2026_optimization_path_interaction_execution_v1_20260923T123416Z/INTERACTION_RESULTS_MASTER.csv,False
LocalNLL,leave_one_seed_out_mean_I,167174636,3,0.651738044621781,nats,+++,POST_HOC_DESCRIPTIVE,reports/research/submission_mlbd2026/mlbd2026_optimization_path_interaction_execution_v1_20260923T123416Z/INTERACTION_RESULTS_MASTER.csv,False
LocalNLL,leave_one_seed_out_mean_I,1852328752,3,0.1931972581211571,nats,+++,POST_HOC_DESCRIPTIVE,reports/research/submission_mlbd2026/mlbd2026_optimization_path_interaction_execution_v1_20260923T123416Z/INTERACTION_RESULTS_MASTER.csv,False
LocalNLL,leave_one_seed_out_mean_I,1231418446,3,0.6309299812439957,nats,+++,POST_HOC_DESCRIPTIVE,reports/research/submission_mlbd2026/mlbd2026_optimization_path_interaction_execution_v1_20260923T123416Z/INTERACTION_RESULTS_MASTER.csv,False
LocalNLL,leave_one_seed_out_mean_I,1461753708,3,0.6208527569532414,nats,+++,POST_HOC_DESCRIPTIVE,reports/research/submission_mlbd2026/mlbd2026_optimization_path_interaction_execution_v1_20260923T123416Z/INTERACTION_RESULTS_MASTER.csv,False
