claim_id,candidate_claim,evidence,scope,support_level,allowed_wording,prohibited_wording,important_counterexample,paper_section
C01,wrong-label organization consequence,MAIN_H;MAIN_MATRIX;CROB_FINAL;CXL_FINAL;BANK_CONTROL_FINAL,tested single-generation settings and fixed comparators,SUPPORTED_BOUNDED_EXISTENCE,Controlled wrong-label/input organization can alter Student behavior under the measured matching constraints.,Correlated errors always hurt; all source quality dimensions controlled,CLINC XLNet local degradation not uniform,Core result / design
C02,local shared-failure effect,MAIN_MATRIX;OUTPUT_DECOMP,frozen local129/local304; endpoint specific,PARTIALLY_SUPPORTED,Repeated local effects are clearer than uniform global harm in the tested positive settings.,Every shared-failure example is harmed; local always larger under all normalizations,CLINC XLNet LocalNLL -+--; sample stability LOW,Main results
C03,robust global degradation,MAIN_H;MAIN_MATRIX;M3_FINAL,across studied settings,NOT_SUPPORTED,BANKING77 global degradation occurs; CLINC150 global signs remain mixed; one M3 cell has severe global failure.,Robust global harm across all settings; one extreme seed establishes universal collapse,CLINC150 Primary mixed; M3 extreme only one cell,Results / limitations
C04,cross-dataset generalization,MAIN_H;MAIN_MATRIX,two dataset/Source packages,PARTIAL_SETTING_CONDITIONAL,RoBERTa local directions repeat in both observed dataset/Source settings.,Pure dataset causal effect; population-level transportability,XLNet CLINC vs BANK LocalNLL differs; Source panels also change,Generalization
C05,cross-learner generalization,MAIN_H;CXL_FINAL,two learner settings,PARTIALLY_SUPPORTED_H6_UNCHANGED,BANKING77 supports both learners; original CLINC cross-learner LocalNLL replication remains unsupported.,Pure architecture effect; M3 rescues original H6 test,CLINC XLNet -+-- LocalNLL and mixed CONTROL,Generalization
C06,smoothness explanation,CONTROL_INVARIANTS;CROB_FINAL;CXL_FINAL;BANK_CONTROL_FINAL,one matched CONTROL per dataset; three positive settings,SMOOTHNESS_ALONE_INSUFFICIENT_IN_THREE_SETTINGS,Matched-concentration consequences show that smoothness change alone is insufficient for those contrasts.,Smoothness has zero effect; identity sole mechanism; effect ratio is smoothness mediation fraction,Fourth CONTROL non-unanimous; memberships differ from R1/R2,Mechanism controls
C07,probability redistribution,OUTPUT_DECOMP;M3_TABLE,saved output accounting and final endpoint response,SUPPORTED_DESCRIPTIVE_MIXED_CONTRIBUTIONS,Specific wrong-label probability and true-label NLL need not move together.,Measured mass accounting proves internal class-competition mediator,CLINC XLNet and M3 extreme seed dissociation,Mechanism results
C08,representation mechanism,STATIC_DIAGNOSTIC,pristine fixed representation scores,MIXED,Pristine representation alignment was setting dependent and did not provide a unified explanation.,Representation mechanism proved; all representation effects ruled out,BANK positive associations fail to generalize consistently to CLINC,Static diagnostics
C09,gradient mechanism,STATIC_DIAGNOSTIC,initial head-only first-order scores for two endpoints,MIXED,Initial head-gradient diagnostics were heterogeneous and did not explain the key LocalNLL contrast consistently.,Full-backbone gradient mediation identified; gradients irrelevant,CLINC/BANK XLNet difference not coherently explained,Static diagnostics
C10,lexical supervision-transfer proxy,PROXY_FINAL;PROXY_METRICS;PROXY_FALSIFICATION,fixed common lexical probability-mixture proxy; CLINC REAL-CONTROL,NOT_SUPPORTED_GENERAL_EXPLANATION,This fixed lexical proxy did not provide a general explanation; two XLNet Secondary seeds were locally compatible.,All supervision structure effects ruled out; switch kernel to rescue the finding,LocalNLL 8/8 gain_zero<0 and misalignment lower MAE,Static diagnostics / falsification
C11,optimization-path sensitivity,M3_PROTOCOL;M3_STATUS;M3_TABLE;M3_RECOMPUTE;M3_MATRIX,"CLINC150 XLNet fixed target pair, four seeds, one deterministic batch reversal",SUPPORTED_BY_INTERVENTION_BUT_MEDIATOR_UNKNOWN,"The prespecified path intervention increased the REAL-CONTROL LocalNLL contrast in all four seeds, with heterogeneous magnitudes; Secondary interaction was mixed-direction.",Optimization path is the mechanism; pure order/dropout/Adam cause; statistically significant without a test,1852328752 extreme; Secondary +-++; one setting and one path contrast,Dynamic intervention
C12,recursive implications,V1_INDEPENDENT;V2_RESULT;MAIN_FINAL;M3_PROTOCOL,single-generation evidence only,NOT_MEASURED,These single-generation results motivate future study of recursive propagation.,Recursive mechanism proven; collapse mitigated; weighting validated,No multi-generation experiment; V1 weighting benefit not demonstrated,Future work
C13,trajectory-mediated explanation and onset,M3_TRAJECTORY;M3_PATH_CONTRAST;M3_PROTOCOL,training-state scalar summaries; final-only test,DIVERGENCE_OBSERVED_MEDIATION_NOT_IDENTIFIED,Training loss/gradient and parameter/Adam norm summaries diverged under the intervention.,Test degradation began at epoch X; Adam norms prove Adam mediation,No intermediate test; no vector trajectory or representation evolution measurement,Dynamic diagnostics / limitations
C14,low correlation / weighting advantage,V1_INDEPENDENT;V2_RESULT;V2_ALIGNMENT;ERROR_TAXONOMY,historical synthetic studies only,NOT_SUPPORTED_AS_UNIVERSAL_RULE,Global error summaries alone do not establish a monotone Student-risk rule or weighting benefit.,Lower correlation always better; Sigma weighting optimizes Transformer risk,V1 inconclusive; V2 RANDOM below COMP; V2 EQUAL only,Motivation / related evidence
